Мимимишный ёж,133379_224090_1541232215.jpg,1483218001
Кенгуру отдыхает,213977_1541225215.jpg,1483218002
Дружба в дикой природе. Птиц  помогает уставшему рыбу попасть домой,91263183_154165215.jpg,1483218003
Две брюнетки постят себя в инстаграме. Смотреть без регистрации и СМС,Animals_2_154165215.jpg,1483218004
Кролик показывает язык,maxresdefault_154165215.jpg,1483218005
Ёж в катусах,oboi-rabochego-stola-zhivotnie-priroda-prikoli.orig_154165215.jpg,1483218006
Жигуль-танк,158273_1541232115.jpg",1483218101
Трансформеры. Начало.,7358296_15421225215.jpg,1483218102
Захватывающие атракционы,1392291915_45_124165215.jpg,1483218103
Газель уплыла,1434743260_fotoprikoly-pro-avtomobili-9_154105215.jpg,1483218104
Зачем дальнобойщику туфли?,1444377496_avto7_254165315.jpg,1483218105
Захватывающие атракционы,1392291915_45_124165215.jpg,1483218201
Две брюнетки постят себя в инстаграме. Смотреть без регистрации и СМС,Animals_2_154165215.jpg,1483218202
Флешка-кошка,foto_00415_154165315.jpg,1483218203
Электронная гусеница,lowcost2.ru_2014.05.18-04.43.02_512912_61xzdc8jlml._sl1500__154155215.jpg,1483218204
Классная клубника,1_image-10_1541038215.jpg,1483218401
Мимимишный ёж,133379_224090_1541232215.jpg,1483218402
Дружба в дикой природе. Птицпомогает уставшему рыбу попасть домой,91263183_154165215.jpg,1483218403
Овощ-мутант,image-11_114565215.jpg,1483218404
Ёж в катусах,oboi-rabochego-stola-zhivotnie-priroda-prikoli.orig_154165215.jpg,1483218405